{
    "mse": 0.778126281606929,
    "r2": 0.22255507703018873
}